url,repository_url,labels_url,comments_url,events_url,html_url,id,node_id,number,title,user,labels,state,locked,assignee,assignees,milestone,comments,created_at,updated_at,closed_at,author_association,type,active_lock_reason,sub_issues_summary,issue_dependencies_summary,body,closed_by,reactions,timeline_url,performed_via_github_app,state_reason,draft,pull_request
https://api.github.com/repos/meta-llama/llama3/issues/411,https://api.github.com/repos/meta-llama/llama3,https://api.github.com/repos/meta-llama/llama3/issues/411/labels{/name},https://api.github.com/repos/meta-llama/llama3/issues/411/comments,https://api.github.com/repos/meta-llama/llama3/issues/411/events,https://github.com/meta-llama/llama3/issues/411,3593206314,I_kwDOLg51Mc7WK_oq,411,"Error from ""llama-model download --source meta --model-id Llama-4-Scout-17B-16E""","{'login': 'SLu1729', 'id': 98542820, 'node_id': 'U_kgDOBd-k5A', 'avatar_url': 'https://avatars.githubusercontent.com/u/98542820?v=4', 'gravatar_id': '', 'url': 'https://api.github.com/users/SLu1729', 'html_url': 'https://github.com/SLu1729', 'followers_url': 'https://api.github.com/users/SLu1729/followers', 'following_url': 'https://api.github.com/users/SLu1729/following{/other_user}', 'gists_url': 'https://api.github.com/users/SLu1729/gists{/gist_id}', 'starred_url': 'https://api.github.com/users/SLu1729/starred{/owner}{/repo}', 'subscriptions_url': 'https://api.github.com/users/SLu1729/subscriptions', 'organizations_url': 'https://api.github.com/users/SLu1729/orgs', 'repos_url': 'https://api.github.com/users/SLu1729/repos', 'events_url': 'https://api.github.com/users/SLu1729/events{/privacy}', 'received_events_url': 'https://api.github.com/users/SLu1729/received_events', 'type': 'User', 'user_view_type': 'public', 'site_admin': False}",[],open,False,,[],,1,2025-11-05T23:30:18Z,2025-11-06T01:04:41Z,,NONE,,,"{'total': 0, 'completed': 0, 'percent_completed': 0}","{'blocked_by': 0, 'total_blocked_by': 0, 'blocking': 0, 'total_blocking': 0}","## Describe the bug
I am attempting to follow the download instructions from https://github.com/meta-llama/llama-models?tab=readme-ov-file. 
I am running the CLI commands through the Command Prompt as an administrator. Things seem to be going smoothly until I attempt to run the command in the title, which yields the error message
```
llama download: error: Download failed: No module named 'llama_models.cli.model'
```


### Minimal reproducible example
1. Command prompt -> run as administrator
2. Run ""pip install llama-models""
3. Run ""llama-model list""
4. Run ""llama-model download --source meta --model-id Llama-4-Scout-17B-16E""

### Output
```
llama download: error: Download failed: No module named 'llama_models.cli.model'
```

## Runtime Environment
- Model: Llama-4-Scout-17B-16E
- Using via huggingface?: no
- OS: Windows
- GPU VRAM: 16GB
- Number of GPUs: 1
- GPU Make: AMD

**Additional context**
Attempting to rerun pip install llama-models does not change anything.
Initially I updated pip in between steps 2 and 3

",,"{'url': 'https://api.github.com/repos/meta-llama/llama3/issues/411/reactions', 'total_count': 0, '+1': 0, '-1': 0, 'laugh': 0, 'hooray': 0, 'confused': 0, 'heart': 0, 'rocket': 0, 'eyes': 0}",https://api.github.com/repos/meta-llama/llama3/issues/411/timeline,,,,
https://api.github.com/repos/meta-llama/llama3/issues/409,https://api.github.com/repos/meta-llama/llama3,https://api.github.com/repos/meta-llama/llama3/issues/409/labels{/name},https://api.github.com/repos/meta-llama/llama3/issues/409/comments,https://api.github.com/repos/meta-llama/llama3/issues/409/events,https://github.com/meta-llama/llama3/pull/409,3500550430,PR_kwDOLg51Mc6s-EJh,409,Update generation.py,"{'login': 'codeseeker-dhruv', 'id': 126938409, 'node_id': 'U_kgDOB5DtKQ', 'avatar_url': 'https://avatars.githubusercontent.com/u/126938409?v=4', 'gravatar_id': '', 'url': 'https://api.github.com/users/codeseeker-dhruv', 'html_url': 'https://github.com/codeseeker-dhruv', 'followers_url': 'https://api.github.com/users/codeseeker-dhruv/followers', 'following_url': 'https://api.github.com/users/codeseeker-dhruv/following{/other_user}', 'gists_url': 'https://api.github.com/users/codeseeker-dhruv/gists{/gist_id}', 'starred_url': 'https://api.github.com/users/codeseeker-dhruv/starred{/owner}{/repo}', 'subscriptions_url': 'https://api.github.com/users/codeseeker-dhruv/subscriptions', 'organizations_url': 'https://api.github.com/users/codeseeker-dhruv/orgs', 'repos_url': 'https://api.github.com/users/codeseeker-dhruv/repos', 'events_url': 'https://api.github.com/users/codeseeker-dhruv/events{/privacy}', 'received_events_url': 'https://api.github.com/users/codeseeker-dhruv/received_events', 'type': 'User', 'user_view_type': 'public', 'site_admin': False}","[{'id': 6697072434, 'node_id': 'LA_kwDOLg51Mc8AAAABjy03Mg', 'url': 'https://api.github.com/repos/meta-llama/llama3/labels/CLA%20Signed', 'name': 'CLA Signed', 'color': '009900', 'default': False, 'description': 'This label is managed by the Meta Open Source bot.'}]",open,False,,[],,2,2025-10-09T20:33:12Z,2025-11-16T13:22:33Z,,NONE,,,,,"We’ll make distributed initialization safe and flexible:
1. Use ""nccl"" only when CUDA is available. 2.Fall back to ""gloo"" otherwise (which works on CPU and single GPU). 3.Don’t initialize the distributed group if we’re in single-process (no WORLD_SIZE > 1).",,"{'url': 'https://api.github.com/repos/meta-llama/llama3/issues/409/reactions', 'total_count': 0, '+1': 0, '-1': 0, 'laugh': 0, 'hooray': 0, 'confused': 0, 'heart': 0, 'rocket': 0, 'eyes': 0}",https://api.github.com/repos/meta-llama/llama3/issues/409/timeline,,,False,"{'url': 'https://api.github.com/repos/meta-llama/llama3/pulls/409', 'html_url': 'https://github.com/meta-llama/llama3/pull/409', 'diff_url': 'https://github.com/meta-llama/llama3/pull/409.diff', 'patch_url': 'https://github.com/meta-llama/llama3/pull/409.patch', 'merged_at': None}"
https://api.github.com/repos/meta-llama/llama3/issues/408,https://api.github.com/repos/meta-llama/llama3,https://api.github.com/repos/meta-llama/llama3/issues/408/labels{/name},https://api.github.com/repos/meta-llama/llama3/issues/408/comments,https://api.github.com/repos/meta-llama/llama3/issues/408/events,https://github.com/meta-llama/llama3/pull/408,3484775941,PR_kwDOLg51Mc6sJFnN,408,Example teting,"{'login': 'DarkCarnages', 'id': 153519271, 'node_id': 'U_kgDOCSaEpw', 'avatar_url': 'https://avatars.githubusercontent.com/u/153519271?v=4', 'gravatar_id': '', 'url': 'https://api.github.com/users/DarkCarnages', 'html_url': 'https://github.com/DarkCarnages', 'followers_url': 'https://api.github.com/users/DarkCarnages/followers', 'following_url': 'https://api.github.com/users/DarkCarnages/following{/other_user}', 'gists_url': 'https://api.github.com/users/DarkCarnages/gists{/gist_id}', 'starred_url': 'https://api.github.com/users/DarkCarnages/starred{/owner}{/repo}', 'subscriptions_url': 'https://api.github.com/users/DarkCarnages/subscriptions', 'organizations_url': 'https://api.github.com/users/DarkCarnages/orgs', 'repos_url': 'https://api.github.com/users/DarkCarnages/repos', 'events_url': 'https://api.github.com/users/DarkCarnages/events{/privacy}', 'received_events_url': 'https://api.github.com/users/DarkCarnages/received_events', 'type': 'User', 'user_view_type': 'public', 'site_admin': False}",[],closed,False,,[],,2,2025-10-05T12:45:48Z,2025-10-05T12:53:14Z,2025-10-05T12:53:14Z,NONE,,,,,,"{'login': 'DarkCarnages', 'id': 153519271, 'node_id': 'U_kgDOCSaEpw', 'avatar_url': 'https://avatars.githubusercontent.com/u/153519271?v=4', 'gravatar_id': '', 'url': 'https://api.github.com/users/DarkCarnages', 'html_url': 'https://github.com/DarkCarnages', 'followers_url': 'https://api.github.com/users/DarkCarnages/followers', 'following_url': 'https://api.github.com/users/DarkCarnages/following{/other_user}', 'gists_url': 'https://api.github.com/users/DarkCarnages/gists{/gist_id}', 'starred_url': 'https://api.github.com/users/DarkCarnages/starred{/owner}{/repo}', 'subscriptions_url': 'https://api.github.com/users/DarkCarnages/subscriptions', 'organizations_url': 'https://api.github.com/users/DarkCarnages/orgs', 'repos_url': 'https://api.github.com/users/DarkCarnages/repos', 'events_url': 'https://api.github.com/users/DarkCarnages/events{/privacy}', 'received_events_url': 'https://api.github.com/users/DarkCarnages/received_events', 'type': 'User', 'user_view_type': 'public', 'site_admin': False}","{'url': 'https://api.github.com/repos/meta-llama/llama3/issues/408/reactions', 'total_count': 0, '+1': 0, '-1': 0, 'laugh': 0, 'hooray': 0, 'confused': 0, 'heart': 0, 'rocket': 0, 'eyes': 0}",https://api.github.com/repos/meta-llama/llama3/issues/408/timeline,,,False,"{'url': 'https://api.github.com/repos/meta-llama/llama3/pulls/408', 'html_url': 'https://github.com/meta-llama/llama3/pull/408', 'diff_url': 'https://github.com/meta-llama/llama3/pull/408.diff', 'patch_url': 'https://github.com/meta-llama/llama3/pull/408.patch', 'merged_at': None}"
https://api.github.com/repos/meta-llama/llama3/issues/392,https://api.github.com/repos/meta-llama/llama3,https://api.github.com/repos/meta-llama/llama3/issues/392/labels{/name},https://api.github.com/repos/meta-llama/llama3/issues/392/comments,https://api.github.com/repos/meta-llama/llama3/issues/392/events,https://github.com/meta-llama/llama3/issues/392,2925209052,I_kwDOLg51Mc6uWyXc,392,"sp_model = SentencePieceProcessor()  sp_model.Load(""/home/imss/zxhhhh/llama-3-8b/tokenizer.model"")","{'login': 'ZhangXiaohan-TJU', 'id': 97392732, 'node_id': 'U_kgDOBc4YXA', 'avatar_url': 'https://avatars.githubusercontent.com/u/97392732?v=4', 'gravatar_id': '', 'url': 'https://api.github.com/users/ZhangXiaohan-TJU', 'html_url': 'https://github.com/ZhangXiaohan-TJU', 'followers_url': 'https://api.github.com/users/ZhangXiaohan-TJU/followers', 'following_url': 'https://api.github.com/users/ZhangXiaohan-TJU/following{/other_user}', 'gists_url': 'https://api.github.com/users/ZhangXiaohan-TJU/gists{/gist_id}', 'starred_url': 'https://api.github.com/users/ZhangXiaohan-TJU/starred{/owner}{/repo}', 'subscriptions_url': 'https://api.github.com/users/ZhangXiaohan-TJU/subscriptions', 'organizations_url': 'https://api.github.com/users/ZhangXiaohan-TJU/orgs', 'repos_url': 'https://api.github.com/users/ZhangXiaohan-TJU/repos', 'events_url': 'https://api.github.com/users/ZhangXiaohan-TJU/events{/privacy}', 'received_events_url': 'https://api.github.com/users/ZhangXiaohan-TJU/received_events', 'type': 'User', 'user_view_type': 'public', 'site_admin': False}",[],open,False,,[],,1,2025-03-17T14:00:53Z,2025-10-23T14:18:24Z,,NONE,,,"{'total': 0, 'completed': 0, 'percent_completed': 0}","{'blocked_by': 0, 'total_blocked_by': 0, 'blocking': 0, 'total_blocking': 0}","when i run: 
sp_model = SentencePieceProcessor()

sp_model.Load(""/home/imss/zxhhhh/llama-3-8b/tokenizer.model"")

it reported error: 
sp_model = SentencePieceProcessor()  sp_model.Load(""/home/imss/zxhhhh/llama-3-8b/tokenizer.model"")

who can help me",,"{'url': 'https://api.github.com/repos/meta-llama/llama3/issues/392/reactions', 'total_count': 0, '+1': 0, '-1': 0, 'laugh': 0, 'hooray': 0, 'confused': 0, 'heart': 0, 'rocket': 0, 'eyes': 0}",https://api.github.com/repos/meta-llama/llama3/issues/392/timeline,,,,
https://api.github.com/repos/meta-llama/llama3/issues/356,https://api.github.com/repos/meta-llama/llama3,https://api.github.com/repos/meta-llama/llama3/issues/356/labels{/name},https://api.github.com/repos/meta-llama/llama3/issues/356/comments,https://api.github.com/repos/meta-llama/llama3/issues/356/events,https://github.com/meta-llama/llama3/issues/356,2620194516,I_kwDOLg51Mc6cLP7U,356,Model being very repetitive,"{'login': 'gustavofg1pontes', 'id': 105522951, 'node_id': 'U_kgDOBkonBw', 'avatar_url': 'https://avatars.githubusercontent.com/u/105522951?v=4', 'gravatar_id': '', 'url': 'https://api.github.com/users/gustavofg1pontes', 'html_url': 'https://github.com/gustavofg1pontes', 'followers_url': 'https://api.github.com/users/gustavofg1pontes/followers', 'following_url': 'https://api.github.com/users/gustavofg1pontes/following{/other_user}', 'gists_url': 'https://api.github.com/users/gustavofg1pontes/gists{/gist_id}', 'starred_url': 'https://api.github.com/users/gustavofg1pontes/starred{/owner}{/repo}', 'subscriptions_url': 'https://api.github.com/users/gustavofg1pontes/subscriptions', 'organizations_url': 'https://api.github.com/users/gustavofg1pontes/orgs', 'repos_url': 'https://api.github.com/users/gustavofg1pontes/repos', 'events_url': 'https://api.github.com/users/gustavofg1pontes/events{/privacy}', 'received_events_url': 'https://api.github.com/users/gustavofg1pontes/received_events', 'type': 'User', 'user_view_type': 'public', 'site_admin': False}",[],open,False,,[],,1,2024-10-29T05:40:34Z,2025-10-30T16:24:09Z,,NONE,,,"{'total': 0, 'completed': 0, 'percent_completed': 0}","{'blocked_by': 0, 'total_blocked_by': 0, 'blocking': 0, 'total_blocking': 0}","I'm using the llama-3 70b model for an application. However, I've noticed that the model tends to repeat the same phrases or response structures frequently, even when given slightly different inputs. This is impacting the user experience, as it makes the dialogue predictable and unnatural.

Example:
when i introduce myself, it keeps adding ""!"" at the beggining of the answers

Has anyone else encountered this issue? Any suggestions on how to improve the diversity in responses?

",,"{'url': 'https://api.github.com/repos/meta-llama/llama3/issues/356/reactions', 'total_count': 0, '+1': 0, '-1': 0, 'laugh': 0, 'hooray': 0, 'confused': 0, 'heart': 0, 'rocket': 0, 'eyes': 0}",https://api.github.com/repos/meta-llama/llama3/issues/356/timeline,,,,
https://api.github.com/repos/meta-llama/llama3/issues/295,https://api.github.com/repos/meta-llama/llama3,https://api.github.com/repos/meta-llama/llama3/issues/295/labels{/name},https://api.github.com/repos/meta-llama/llama3/issues/295/comments,https://api.github.com/repos/meta-llama/llama3/issues/295/events,https://github.com/meta-llama/llama3/pull/295,2433869937,PR_kwDOLg51Mc52qgoB,295,Update download.sh,"{'login': 'tm-kiran-kumar', 'id': 123753360, 'node_id': 'U_kgDOB2BTkA', 'avatar_url': 'https://avatars.githubusercontent.com/u/123753360?v=4', 'gravatar_id': '', 'url': 'https://api.github.com/users/tm-kiran-kumar', 'html_url': 'https://github.com/tm-kiran-kumar', 'followers_url': 'https://api.github.com/users/tm-kiran-kumar/followers', 'following_url': 'https://api.github.com/users/tm-kiran-kumar/following{/other_user}', 'gists_url': 'https://api.github.com/users/tm-kiran-kumar/gists{/gist_id}', 'starred_url': 'https://api.github.com/users/tm-kiran-kumar/starred{/owner}{/repo}', 'subscriptions_url': 'https://api.github.com/users/tm-kiran-kumar/subscriptions', 'organizations_url': 'https://api.github.com/users/tm-kiran-kumar/orgs', 'repos_url': 'https://api.github.com/users/tm-kiran-kumar/repos', 'events_url': 'https://api.github.com/users/tm-kiran-kumar/events{/privacy}', 'received_events_url': 'https://api.github.com/users/tm-kiran-kumar/received_events', 'type': 'User', 'user_view_type': 'public', 'site_admin': False}","[{'id': 6697072434, 'node_id': 'LA_kwDOLg51Mc8AAAABjy03Mg', 'url': 'https://api.github.com/repos/meta-llama/llama3/labels/CLA%20Signed', 'name': 'CLA Signed', 'color': '009900', 'default': False, 'description': 'This label is managed by the Meta Open Source bot.'}]",closed,False,,[],,2,2024-07-28T10:47:58Z,2025-10-10T13:59:19Z,2025-10-10T13:59:19Z,NONE,,,,,,"{'login': 'tm-kiran-kumar', 'id': 123753360, 'node_id': 'U_kgDOB2BTkA', 'avatar_url': 'https://avatars.githubusercontent.com/u/123753360?v=4', 'gravatar_id': '', 'url': 'https://api.github.com/users/tm-kiran-kumar', 'html_url': 'https://github.com/tm-kiran-kumar', 'followers_url': 'https://api.github.com/users/tm-kiran-kumar/followers', 'following_url': 'https://api.github.com/users/tm-kiran-kumar/following{/other_user}', 'gists_url': 'https://api.github.com/users/tm-kiran-kumar/gists{/gist_id}', 'starred_url': 'https://api.github.com/users/tm-kiran-kumar/starred{/owner}{/repo}', 'subscriptions_url': 'https://api.github.com/users/tm-kiran-kumar/subscriptions', 'organizations_url': 'https://api.github.com/users/tm-kiran-kumar/orgs', 'repos_url': 'https://api.github.com/users/tm-kiran-kumar/repos', 'events_url': 'https://api.github.com/users/tm-kiran-kumar/events{/privacy}', 'received_events_url': 'https://api.github.com/users/tm-kiran-kumar/received_events', 'type': 'User', 'user_view_type': 'public', 'site_admin': False}","{'url': 'https://api.github.com/repos/meta-llama/llama3/issues/295/reactions', 'total_count': 0, '+1': 0, '-1': 0, 'laugh': 0, 'hooray': 0, 'confused': 0, 'heart': 0, 'rocket': 0, 'eyes': 0}",https://api.github.com/repos/meta-llama/llama3/issues/295/timeline,,,False,"{'url': 'https://api.github.com/repos/meta-llama/llama3/pulls/295', 'html_url': 'https://github.com/meta-llama/llama3/pull/295', 'diff_url': 'https://github.com/meta-llama/llama3/pull/295.diff', 'patch_url': 'https://github.com/meta-llama/llama3/pull/295.patch', 'merged_at': None}"
